Name,Price,Description,Category_Id,Image1,Image2,Image3
Electronics Product 1,57,"Lorem ipsum dolor sit amet, consectetur adipiscing elit. Nulla nec odio nec nisl tincidunt tincidunt. Nullam nec purus nec nisl",1,https://images.pexels.com/photos/356056/pexels-photo-356056.jpeg,https://images.pexels.com/photos/163100/circuit-circuit-board-resistor-computer-163100.jpeg,https://images.pexels.com/photos/343457/pexels-photo-343457.jpeg
Electronics Product 4,31,"Lorem ipsum dolor sit amet, consectetur adipiscing elit. Nulla nec odio nec nisl tincidunt tincidunt. Nullam nec purus nec nisl",1,https://images.pexels.com/photos/159220/printed-circuit-board-print-plate-via-macro-159220.jpeg,https://images.pexels.com/photos/788946/pexels-photo-788946.jpeg,https://images.pexels.com/photos/2136243/pexels-photo-2136243.jpeg
Electronics Product 7,83,"Lorem ipsum dolor sit amet, consectetur adipiscing elit. Nulla nec odio nec nisl tincidunt tincidunt. Nullam nec purus nec nisl",1,https://images.pexels.com/photos/2047905/pexels-photo-2047905.jpeg,https://images.pexels.com/photos/682933/pexels-photo-682933.jpeg,https://images.pexels.com/photos/1105379/pexels-photo-1105379.jpeg
Electronics Product 10,11,"Lorem ipsum dolor sit amet, consectetur adipiscing elit. Nulla nec odio nec nisl tincidunt tincidunt. Nullam nec purus nec nisl",1,https://images.pexels.com/photos/39290/mother-board-electronics-computer-board-39290.jpeg,https://images.pexels.com/photos/744366/pexels-photo-744366.jpeg,https://images.pexels.com/photos/51383/photo-camera-subject-photographer-51383.jpeg
Electronics Product 13,72,"Lorem ipsum dolor sit amet, consectetur adipiscing elit. Nulla nec odio nec nisl tincidunt tincidunt. Nullam nec purus nec nisl",1,https://images.pexels.com/photos/777001/pexels-photo-777001.jpeg,https://images.pexels.com/photos/306763/pexels-photo-306763.jpeg,https://images.pexels.com/photos/341523/pexels-photo-341523.jpeg
Smartphones Product 1,51,"Lorem ipsum dolor sit amet, consectetur adipiscing elit. Nulla nec odio nec nisl tincidunt tincidunt. Nullam nec purus nec nisl",2,https://images.pexels.com/photos/341523/pexels-photo-341523.jpeg,https://images.pexels.com/photos/207589/pexels-photo-207589.jpeg,https://images.pexels.com/photos/1092644/pexels-photo-1092644.jpeg
Smartphones Product 4,47,"Lorem ipsum dolor sit amet, consectetur adipiscing elit. Nulla nec odio nec nisl tincidunt tincidunt. Nullam nec purus nec nisl",2,https://images.pexels.com/photos/699122/pexels-photo-699122.jpeg,https://images.pexels.com/photos/3184435/pexels-photo-3184435.jpeg,https://images.pexels.com/photos/356056/pexels-photo-356056.jpeg
Smartphones Product 7,78,"Lorem ipsum dolor sit amet, consectetur adipiscing elit. Nulla nec odio nec nisl tincidunt tincidunt. Nullam nec purus nec nisl",2,https://images.pexels.com/photos/404280/pexels-photo-404280.jpeg,https://images.pexels.com/photos/159395/pokemon-pokemon-go-phone-game-159395.jpeg,https://images.pexels.com/photos/1000739/pexels-photo-1000739.jpeg
Smartphones Product 10,53,"Lorem ipsum dolor sit amet, consectetur adipiscing elit. Nulla nec odio nec nisl tincidunt tincidunt. Nullam nec purus nec nisl",2,https://images.pexels.com/photos/267350/pexels-photo-267350.jpeg,https://images.pexels.com/photos/788946/pexels-photo-788946.jpeg,https://images.pexels.com/photos/3981749/pexels-photo-3981749.jpeg
Smartphones Product 13,38,"Lorem ipsum dolor sit amet, consectetur adipiscing elit. Nulla nec odio nec nisl tincidunt tincidunt. Nullam nec purus nec nisl",2,https://images.pexels.com/photos/607812/pexels-photo-607812.jpeg,https://images.pexels.com/photos/1092671/pexels-photo-1092671.jpeg,https://images.pexels.com/photos/47261/pexels-photo-47261.jpeg
Laptops Product 1,16,"Lorem ipsum dolor sit amet, consectetur adipiscing elit. Nulla nec odio nec nisl tincidunt tincidunt. Nullam nec purus nec nisl",3,https://images.pexels.com/photos/7974/pexels-photo.jpg,https://images.pexels.com/photos/205421/pexels-photo-205421.jpeg,https://images.pexels.com/photos/221011/pexels-photo-221011.jpeg
Laptops Product 4,87,"Lorem ipsum dolor sit amet, consectetur adipiscing elit. Nulla nec odio nec nisl tincidunt tincidunt. Nullam nec purus nec nisl",3,https://images.pexels.com/photos/2047905/pexels-photo-2047905.jpeg,https://images.pexels.com/photos/303383/pexels-photo-303383.jpeg,https://images.pexels.com/photos/1181275/pexels-photo-1181275.jpeg
Laptops Product 7,58,"Lorem ipsum dolor sit amet, consectetur adipiscing elit. Nulla nec odio nec nisl tincidunt tincidunt. Nullam nec purus nec nisl",3,https://images.pexels.com/photos/238118/pexels-photo-238118.jpeg,https://images.pexels.com/photos/1181210/pexels-photo-1181210.jpeg,https://images.pexels.com/photos/18105/pexels-photo.jpg
Laptops Product 10,74,"Lorem ipsum dolor sit amet, consectetur adipiscing elit. Nulla nec odio nec nisl tincidunt tincidunt. Nullam nec purus nec nisl",3,https://images.pexels.com/photos/3550484/pexels-photo-3550484.jpeg,https://images.pexels.com/photos/1181269/pexels-photo-1181269.jpeg,https://images.pexels.com/photos/3182773/pexels-photo-3182773.jpeg
Laptops Product 13,41,"Lorem ipsum dolor sit amet, consectetur adipiscing elit. Nulla nec odio nec nisl tincidunt tincidunt. Nullam nec purus nec nisl",3,https://images.pexels.com/photos/3183165/pexels-photo-3183165.jpeg,https://images.pexels.com/photos/2102416/pexels-photo-2102416.jpeg,https://images.pexels.com/photos/129208/pexels-photo-129208.jpeg
Accessories Product 1,58,"Lorem ipsum dolor sit amet, consectetur adipiscing elit. Nulla nec odio nec nisl tincidunt tincidunt. Nullam nec purus nec nisl",4,https://images.pexels.com/photos/322207/pexels-photo-322207.jpeg,https://images.pexels.com/photos/1460838/pexels-photo-1460838.jpeg,https://images.pexels.com/photos/325527/pexels-photo-325527.jpeg
Accessories Product 4,35,"Lorem ipsum dolor sit amet, consectetur adipiscing elit. Nulla nec odio nec nisl tincidunt tincidunt. Nullam nec purus nec nisl",4,https://images.pexels.com/photos/1453008/pexels-photo-1453008.jpeg,https://images.pexels.com/photos/1395306/pexels-photo-1395306.jpeg,https://images.pexels.com/photos/604575/pexels-photo-604575.jpeg
Accessories Product 7,24,"Lorem ipsum dolor sit amet, consectetur adipiscing elit. Nulla nec odio nec nisl tincidunt tincidunt. Nullam nec purus nec nisl",4,https://images.pexels.com/photos/264591/pexels-photo-264591.jpeg,https://images.pexels.com/photos/313719/pexels-photo-313719.jpeg,https://images.pexels.com/photos/989965/pexels-photo-989965.jpeg
Accessories Product 10,18,"Lorem ipsum dolor sit amet, consectetur adipiscing elit. Nulla nec odio nec nisl tincidunt tincidunt. Nullam nec purus nec nisl",4,https://images.pexels.com/photos/1493112/pexels-photo-1493112.jpeg,https://images.pexels.com/photos/354103/pexels-photo-354103.jpeg,https://images.pexels.com/photos/604598/pexels-photo-604598.jpeg
Accessories Product 13,96,"Lorem ipsum dolor sit amet, consectetur adipiscing elit. Nulla nec odio nec nisl tincidunt tincidunt. Nullam nec purus nec nisl",4,https://images.pexels.com/photos/1306262/pexels-photo-1306262.jpeg,https://images.pexels.com/photos/1676126/pexels-photo-1676126.jpeg,https://images.pexels.com/photos/2442893/pexels-photo-2442893.jpeg
iPhone Product 1,55,"Lorem ipsum dolor sit amet, consectetur adipiscing elit. Nulla nec odio nec nisl tincidunt tincidunt. Nullam nec purus nec nisl",5,https://images.pexels.com/photos/788946/pexels-photo-788946.jpeg,https://images.pexels.com/photos/607812/pexels-photo-607812.jpeg,https://images.pexels.com/photos/1647976/pexels-photo-1647976.jpeg
iPhone Product 4,83,"Lorem ipsum dolor sit amet, consectetur adipiscing elit. Nulla nec odio nec nisl tincidunt tincidunt. Nullam nec purus nec nisl",5,https://images.pexels.com/photos/341523/pexels-photo-341523.jpeg,https://images.pexels.com/photos/1693627/pexels-photo-1693627.jpeg,https://images.pexels.com/photos/249324/pexels-photo-249324.jpeg
iPhone Product 7,18,"Lorem ipsum dolor sit amet, consectetur adipiscing elit. Nulla nec odio nec nisl tincidunt tincidunt. Nullam nec purus nec nisl",5,https://images.pexels.com/photos/583847/pexels-photo-583847.jpeg,https://images.pexels.com/photos/4158/apple-iphone-smartphone-desk.jpg,https://images.pexels.com/photos/818043/pexels-photo-818043.jpeg
iPhone Product 10,85,"Lorem ipsum dolor sit amet, consectetur adipiscing elit. Nulla nec odio nec nisl tincidunt tincidunt. Nullam nec purus nec nisl",5,https://images.pexels.com/photos/306763/pexels-photo-306763.jpeg,https://images.pexels.com/photos/442161/pexels-photo-442161.jpeg,https://images.pexels.com/photos/1398339/pexels-photo-1398339.jpeg
iPhone Product 13,64,"Lorem ipsum dolor sit amet, consectetur adipiscing elit. Nulla nec odio nec nisl tincidunt tincidunt. Nullam nec purus nec nisl",5,https://images.pexels.com/photos/226474/pexels-photo-226474.jpeg,https://images.pexels.com/photos/3510/hand-apple-iphone-smartphone.jpg,https://images.pexels.com/photos/1970139/pexels-photo-1970139.jpeg
Samsung Product 1,70,"Lorem ipsum dolor sit amet, consectetur adipiscing elit. Nulla nec odio nec nisl tincidunt tincidunt. Nullam nec purus nec nisl",6,https://images.pexels.com/photos/47261/pexels-photo-47261.jpeg,https://images.pexels.com/photos/50614/pexels-photo-50614.jpeg,https://images.pexels.com/photos/2402705/pexels-photo-2402705.jpeg
Samsung Product 4,24,"Lorem ipsum dolor sit amet, consectetur adipiscing elit. Nulla nec odio nec nisl tincidunt tincidunt. Nullam nec purus nec nisl",6,https://images.pexels.com/photos/214488/pexels-photo-214488.jpeg,https://images.pexels.com/photos/3659194/pexels-photo-3659194.jpeg,https://images.pexels.com/photos/1624496/pexels-photo-1624496.jpeg
Samsung Product 7,43,"Lorem ipsum dolor sit amet, consectetur adipiscing elit. Nulla nec odio nec nisl tincidunt tincidunt. Nullam nec purus nec nisl",6,https://images.pexels.com/photos/1226302/pexels-photo-1226302.jpeg,https://images.pexels.com/photos/2942361/pexels-photo-2942361.jpeg,https://images.pexels.com/photos/1366919/pexels-photo-1366919.jpeg
Samsung Product 10,38,"Lorem ipsum dolor sit amet, consectetur adipiscing elit. Nulla nec odio nec nisl tincidunt tincidunt. Nullam nec purus nec nisl",6,https://images.pexels.com/photos/1723637/pexels-photo-1723637.jpeg,https://images.pexels.com/photos/1212487/pexels-photo-1212487.jpeg,https://images.pexels.com/photos/1366630/pexels-photo-1366630.jpeg
Samsung Product 13,17,"Lorem ipsum dolor sit amet, consectetur adipiscing elit. Nulla nec odio nec nisl tincidunt tincidunt. Nullam nec purus nec nisl",6,https://images.pexels.com/photos/1682707/pexels-photo-1682707.jpeg,https://images.pexels.com/photos/1463526/pexels-photo-1463526.jpeg,https://images.pexels.com/photos/2486168/pexels-photo-2486168.jpeg
Google Pixel Product 1,29,"Lorem ipsum dolor sit amet, consectetur adipiscing elit. Nulla nec odio nec nisl tincidunt tincidunt. Nullam nec purus nec nisl",7,https://images.pexels.com/photos/28368348/pexels-photo-28368348.jpeg,https://images.pexels.com/photos/28368349/pexels-photo-28368349.jpeg,https://images.pexels.com/photos/28368350/pexels-photo-28368350.jpeg
Google Pixel Product 4,27,"Lorem ipsum dolor sit amet, consectetur adipiscing elit. Nulla nec odio nec nisl tincidunt tincidunt. Nullam nec purus nec nisl",7,https://images.pexels.com/photos/28368352/pexels-photo-28368352.jpeg,https://images.pexels.com/photos/28368353/pexels-photo-28368353.jpeg,https://images.pexels.com/photos/15597164/pexels-photo-15597164.jpeg
Google Pixel Product 7,57,"Lorem ipsum dolor sit amet, consectetur adipiscing elit. Nulla nec odio nec nisl tincidunt tincidunt. Nullam nec purus nec nisl",7,https://images.pexels.com/photos/15226445/pexels-photo-15226445.jpeg,https://images.pexels.com/photos/19286270/pexels-photo-19286270.jpeg,https://images.pexels.com/photos/19202660/pexels-photo-19202660.jpeg
Google Pixel Product 10,12,"Lorem ipsum dolor sit amet, consectetur adipiscing elit. Nulla nec odio nec nisl tincidunt tincidunt. Nullam nec purus nec nisl",7,https://images.pexels.com/photos/15587985/pexels-photo-15587985.jpeg,https://images.pexels.com/photos/15723656/pexels-photo-15723656.jpeg,https://images.pexels.com/photos/18920008/pexels-photo-18920008.jpeg
Google Pixel Product 13,12,"Lorem ipsum dolor sit amet, consectetur adipiscing elit. Nulla nec odio nec nisl tincidunt tincidunt. Nullam nec purus nec nisl",7,https://images.pexels.com/photos/13452549/pexels-photo-13452549.jpeg,https://images.pexels.com/photos/15586829/pexels-photo-15586829.jpeg,https://images.pexels.com/photos/15997986/pexels-photo-15997986.jpeg
MacBook Product 1,94,"Lorem ipsum dolor sit amet, consectetur adipiscing elit. Nulla nec odio nec nisl tincidunt tincidunt. Nullam nec purus nec nisl",8,https://images.pexels.com/photos/4245928/pexels-photo-4245928.jpeg,https://images.pexels.com/photos/4261790/pexels-photo-4261790.jpeg,https://images.pexels.com/photos/4050426/pexels-photo-4050426.jpeg
MacBook Product 4,65,"Lorem ipsum dolor sit amet, consectetur adipiscing elit. Nulla nec odio nec nisl tincidunt tincidunt. Nullam nec purus nec nisl",8,https://images.pexels.com/photos/4050322/pexels-photo-4050322.jpeg,https://images.pexels.com/photos/4047435/pexels-photo-4047435.jpeg,https://images.pexels.com/photos/4050334/pexels-photo-4050334.jpeg
MacBook Product 7,46,"Lorem ipsum dolor sit amet, consectetur adipiscing elit. Nulla nec odio nec nisl tincidunt tincidunt. Nullam nec purus nec nisl",8,https://images.pexels.com/photos/5257551/pexels-photo-5257551.jpeg,https://images.pexels.com/photos/5257548/pexels-photo-5257548.jpeg,https://images.pexels.com/photos/4827512/pexels-photo-4827512.jpeg
MacBook Product 10,50,"Lorem ipsum dolor sit amet, consectetur adipiscing elit. Nulla nec odio nec nisl tincidunt tincidunt. Nullam nec purus nec nisl",8,https://images.pexels.com/photos/5614114/pexels-photo-5614114.jpeg,https://images.pexels.com/photos/5081971/pexels-photo-5081971.jpeg,https://images.pexels.com/photos/5231332/pexels-photo-5231332.jpeg
MacBook Product 13,74,"Lorem ipsum dolor sit amet, consectetur adipiscing elit. Nulla nec odio nec nisl tincidunt tincidunt. Nullam nec purus nec nisl",8,https://images.pexels.com/photos/5705515/pexels-photo-5705515.jpeg,https://images.pexels.com/photos/4314674/pexels-photo-4314674.jpeg,https://images.pexels.com/photos/4260477/pexels-photo-4260477.jpeg
Windows Laptops Product 1,45,"Lorem ipsum dolor sit amet, consectetur adipiscing elit. Nulla nec odio nec nisl tincidunt tincidunt. Nullam nec purus nec nisl",9,https://images.pexels.com/photos/1181406/pexels-photo-1181406.jpeg,https://images.pexels.com/photos/1367272/pexels-photo-1367272.jpeg,https://images.pexels.com/photos/7993954/pexels-photo-7993954.jpeg
Windows Laptops Product 4,49,"Lorem ipsum dolor sit amet, consectetur adipiscing elit. Nulla nec odio nec nisl tincidunt tincidunt. Nullam nec purus nec nisl",9,https://images.pexels.com/photos/1181224/pexels-photo-1181224.jpeg,https://images.pexels.com/photos/1181252/pexels-photo-1181252.jpeg,https://images.pexels.com/photos/7983606/pexels-photo-7983606.jpeg
Windows Laptops Product 7,70,"Lorem ipsum dolor sit amet, consectetur adipiscing elit. Nulla nec odio nec nisl tincidunt tincidunt. Nullam nec purus nec nisl",9,https://images.pexels.com/photos/2041629/pexels-photo-2041629.jpeg,https://images.pexels.com/photos/2789303/pexels-photo-2789303.jpeg,https://images.pexels.com/photos/7108701/pexels-photo-7108701.jpeg
Windows Laptops Product 10,44,"Lorem ipsum dolor sit amet, consectetur adipiscing elit. Nulla nec odio nec nisl tincidunt tincidunt. Nullam nec purus nec nisl",9,https://images.pexels.com/photos/8276132/pexels-photo-8276132.jpeg,https://images.pexels.com/photos/7989150/pexels-photo-7989150.jpeg,https://images.pexels.com/photos/7993944/pexels-photo-7993944.jpeg
Windows Laptops Product 13,47,"Lorem ipsum dolor sit amet, consectetur adipiscing elit. Nulla nec odio nec nisl tincidunt tincidunt. Nullam nec purus nec nisl",9,https://images.pexels.com/photos/2615405/pexels-photo-2615405.jpeg,https://images.pexels.com/photos/5412148/pexels-photo-5412148.jpeg,https://images.pexels.com/photos/5412017/pexels-photo-5412017.jpeg
Chromebooks Product 1,65,"Lorem ipsum dolor sit amet, consectetur adipiscing elit. Nulla nec odio nec nisl tincidunt tincidunt. Nullam nec purus nec nisl",10,https://images.pexels.com/photos/3994051/pexels-photo-3994051.jpeg,https://images.pexels.com/photos/6393149/pexels-photo-6393149.jpeg,https://images.pexels.com/photos/8534160/pexels-photo-8534160.jpeg
Chromebooks Product 4,18,"Lorem ipsum dolor sit amet, consectetur adipiscing elit. Nulla nec odio nec nisl tincidunt tincidunt. Nullam nec purus nec nisl",10,https://images.pexels.com/photos/14455873/pexels-photo-14455873.jpeg,https://images.pexels.com/photos/3994050/pexels-photo-3994050.jpeg,https://images.pexels.com/photos/13080823/pexels-photo-13080823.jpeg
Phone Cases Product 1,20,"Lorem ipsum dolor sit amet, consectetur adipiscing elit. Nulla nec odio nec nisl tincidunt tincidunt. Nullam nec purus nec nisl",11,https://images.pexels.com/photos/696645/pexels-photo-696645.jpeg,https://images.pexels.com/photos/850885/pexels-photo-850885.jpeg,https://images.pexels.com/photos/3392232/pexels-photo-3392232.jpeg
Phone Cases Product 4,80,"Lorem ipsum dolor sit amet, consectetur adipiscing elit. Nulla nec odio nec nisl tincidunt tincidunt. Nullam nec purus nec nisl",11,https://images.pexels.com/photos/374140/pexels-photo-374140.jpeg,https://images.pexels.com/photos/374117/pexels-photo-374117.jpeg,https://images.pexels.com/photos/13706809/pexels-photo-13706809.jpeg
Phone Cases Product 7,100,"Lorem ipsum dolor sit amet, consectetur adipiscing elit. Nulla nec odio nec nisl tincidunt tincidunt. Nullam nec purus nec nisl",11,https://images.pexels.com/photos/27836561/pexels-photo-27836561.jpeg,https://images.pexels.com/photos/13706810/pexels-photo-13706810.jpeg,https://images.pexels.com/photos/27836700/pexels-photo-27836700.jpeg
Phone Cases Product 10,95,"Lorem ipsum dolor sit amet, consectetur adipiscing elit. Nulla nec odio nec nisl tincidunt tincidunt. Nullam nec purus nec nisl",11,https://images.pexels.com/photos/6071018/pexels-photo-6071018.jpeg,https://images.pexels.com/photos/7742544/pexels-photo-7742544.jpeg,https://images.pexels.com/photos/19557530/pexels-photo-19557530.jpeg
Phone Cases Product 13,43,"Lorem ipsum dolor sit amet, consectetur adipiscing elit. Nulla nec odio nec nisl tincidunt tincidunt. Nullam nec purus nec nisl",11,https://images.pexels.com/photos/699122/pexels-photo-699122.jpeg,https://images.pexels.com/photos/955790/pexels-photo-955790.jpeg,https://images.pexels.com/photos/18403793/pexels-photo-18403793.jpeg
Chargers Product 1,12,"Lorem ipsum dolor sit amet, consectetur adipiscing elit. Nulla nec odio nec nisl tincidunt tincidunt. Nullam nec purus nec nisl",12,https://images.pexels.com/photos/28884704/pexels-photo-28884704.jpeg,https://images.pexels.com/photos/9799743/pexels-photo-9799743.jpeg,https://images.pexels.com/photos/3946005/pexels-photo-3946005.jpeg
Chargers Product 4,12,"Lorem ipsum dolor sit amet, consectetur adipiscing elit. Nulla nec odio nec nisl tincidunt tincidunt. Nullam nec purus nec nisl",12,https://images.pexels.com/photos/9800030/pexels-photo-9800030.jpeg,https://images.pexels.com/photos/15000981/pexels-photo-15000981.jpeg,https://images.pexels.com/photos/27275226/pexels-photo-27275226.jpeg
Chargers Product 7,41,"Lorem ipsum dolor sit amet, consectetur adipiscing elit. Nulla nec odio nec nisl tincidunt tincidunt. Nullam nec purus nec nisl",12,https://images.pexels.com/photos/4004228/pexels-photo-4004228.jpeg,https://images.pexels.com/photos/5948288/pexels-photo-5948288.jpeg,https://images.pexels.com/photos/10391352/pexels-photo-10391352.jpeg
Chargers Product 10,65,"Lorem ipsum dolor sit amet, consectetur adipiscing elit. Nulla nec odio nec nisl tincidunt tincidunt. Nullam nec purus nec nisl",12,https://images.pexels.com/photos/24206770/pexels-photo-24206770.jpeg,https://images.pexels.com/photos/14793107/pexels-photo-14793107.jpeg,https://images.pexels.com/photos/3640930/pexels-photo-3640930.jpeg
Chargers Product 13,50,"Lorem ipsum dolor sit amet, consectetur adipiscing elit. Nulla nec odio nec nisl tincidunt tincidunt. Nullam nec purus nec nisl",12,https://images.pexels.com/photos/5083491/pexels-photo-5083491.jpeg,https://images.pexels.com/photos/33488/navigation-car-drive-road.jpg,https://images.pexels.com/photos/6692136/pexels-photo-6692136.jpeg
Screen Protectors Product 1,74,"Lorem ipsum dolor sit amet, consectetur adipiscing elit. Nulla nec odio nec nisl tincidunt tincidunt. Nullam nec purus nec nisl",13,https://images.pexels.com/photos/7742507/pexels-photo-7742507.jpeg,https://images.pexels.com/photos/28914897/pexels-photo-28914897.jpeg,https://images.pexels.com/photos/28919444/pexels-photo-28919444.jpeg
Screen Protectors Product 4,80,"Lorem ipsum dolor sit amet, consectetur adipiscing elit. Nulla nec odio nec nisl tincidunt tincidunt. Nullam nec purus nec nisl",13,https://images.pexels.com/photos/28914881/pexels-photo-28914881.jpeg,https://images.pexels.com/photos/28885841/pexels-photo-28885841.png,https://images.pexels.com/photos/28884413/pexels-photo-28884413.jpeg
Screen Protectors Product 7,27,"Lorem ipsum dolor sit amet, consectetur adipiscing elit. Nulla nec odio nec nisl tincidunt tincidunt. Nullam nec purus nec nisl",13,https://images.pexels.com/photos/28884394/pexels-photo-28884394.jpeg,https://images.pexels.com/photos/28868905/pexels-photo-28868905.jpeg,https://images.pexels.com/photos/28868187/pexels-photo-28868187.jpeg
Screen Protectors Product 10,82,"Lorem ipsum dolor sit amet, consectetur adipiscing elit. Nulla nec odio nec nisl tincidunt tincidunt. Nullam nec purus nec nisl",13,https://images.pexels.com/photos/28868029/pexels-photo-28868029.jpeg,https://images.pexels.com/photos/2047905/pexels-photo-2047905.jpeg,https://images.pexels.com/photos/313690/pexels-photo-313690.jpeg
Screen Protectors Product 13,76,"Lorem ipsum dolor sit amet, consectetur adipiscing elit. Nulla nec odio nec nisl tincidunt tincidunt. Nullam nec purus nec nisl",13,https://images.pexels.com/photos/1779487/pexels-photo-1779487.jpeg,https://images.pexels.com/photos/4065624/pexels-photo-4065624.jpeg,https://images.pexels.com/photos/4065895/pexels-photo-4065895.jpeg
Clothing Product 1,65,"Lorem ipsum dolor sit amet, consectetur adipiscing elit. Nulla nec odio nec nisl tincidunt tincidunt. Nullam nec purus nec nisl",14,https://images.pexels.com/photos/996329/pexels-photo-996329.jpeg,https://images.pexels.com/photos/322207/pexels-photo-322207.jpeg,https://images.pexels.com/photos/934070/pexels-photo-934070.jpeg
Clothing Product 4,79,"Lorem ipsum dolor sit amet, consectetur adipiscing elit. Nulla nec odio nec nisl tincidunt tincidunt. Nullam nec purus nec nisl",14,https://images.pexels.com/photos/1884584/pexels-photo-1884584.jpeg,https://images.pexels.com/photos/1884581/pexels-photo-1884581.jpeg,https://images.pexels.com/photos/102129/pexels-photo-102129.jpeg
Clothing Product 7,77,"Lorem ipsum dolor sit amet, consectetur adipiscing elit. Nulla nec odio nec nisl tincidunt tincidunt. Nullam nec purus nec nisl",14,https://images.pexels.com/photos/2129970/pexels-photo-2129970.jpeg,https://images.pexels.com/photos/1148957/pexels-photo-1148957.jpeg,https://images.pexels.com/photos/52518/jeans-pants-blue-shop-52518.jpeg
Clothing Product 10,20,"Lorem ipsum dolor sit amet, consectetur adipiscing elit. Nulla nec odio nec nisl tincidunt tincidunt. Nullam nec purus nec nisl",14,https://images.pexels.com/photos/1082529/pexels-photo-1082529.jpeg,https://images.pexels.com/photos/1884579/pexels-photo-1884579.jpeg,https://images.pexels.com/photos/581339/pexels-photo-581339.jpeg
Clothing Product 13,44,"Lorem ipsum dolor sit amet, consectetur adipiscing elit. Nulla nec odio nec nisl tincidunt tincidunt. Nullam nec purus nec nisl",14,https://images.pexels.com/photos/298863/pexels-photo-298863.jpeg,https://images.pexels.com/photos/1176618/pexels-photo-1176618.jpeg,https://images.pexels.com/photos/325876/pexels-photo-325876.jpeg
Men's Clothing Product 1,11,"Lorem ipsum dolor sit amet, consectetur adipiscing elit. Nulla nec odio nec nisl tincidunt tincidunt. Nullam nec purus nec nisl",15,https://images.pexels.com/photos/28871760/pexels-photo-28871760.jpeg,https://images.pexels.com/photos/27411115/pexels-photo-27411115.jpeg,https://images.pexels.com/photos/27411122/pexels-photo-27411122.jpeg
Men's Clothing Product 4,64,"Lorem ipsum dolor sit amet, consectetur adipiscing elit. Nulla nec odio nec nisl tincidunt tincidunt. Nullam nec purus nec nisl",15,https://images.pexels.com/photos/9775877/pexels-photo-9775877.jpeg,https://images.pexels.com/photos/6764950/pexels-photo-6764950.jpeg,https://images.pexels.com/photos/7668398/pexels-photo-7668398.jpeg
Men's Clothing Product 7,100,"Lorem ipsum dolor sit amet, consectetur adipiscing elit. Nulla nec odio nec nisl tincidunt tincidunt. Nullam nec purus nec nisl",15,https://images.pexels.com/photos/27385944/pexels-photo-27385944.jpeg,https://images.pexels.com/photos/3014810/pexels-photo-3014810.jpeg,https://images.pexels.com/photos/9953170/pexels-photo-9953170.jpeg
Men's Clothing Product 10,14,"Lorem ipsum dolor sit amet, consectetur adipiscing elit. Nulla nec odio nec nisl tincidunt tincidunt. Nullam nec purus nec nisl",15,https://images.pexels.com/photos/2229712/pexels-photo-2229712.jpeg,https://images.pexels.com/photos/5264948/pexels-photo-5264948.jpeg,https://images.pexels.com/photos/5840462/pexels-photo-5840462.jpeg
Men's Clothing Product 13,93,"Lorem ipsum dolor sit amet, consectetur adipiscing elit. Nulla nec odio nec nisl tincidunt tincidunt. Nullam nec purus nec nisl",15,https://images.pexels.com/photos/4945537/pexels-photo-4945537.jpeg,https://images.pexels.com/photos/6764926/pexels-photo-6764926.jpeg,https://images.pexels.com/photos/7621355/pexels-photo-7621355.jpeg
Women's Clothing Product 1,72,"Lorem ipsum dolor sit amet, consectetur adipiscing elit. Nulla nec odio nec nisl tincidunt tincidunt. Nullam nec purus nec nisl",16,https://images.pexels.com/photos/28900494/pexels-photo-28900494.jpeg,https://images.pexels.com/photos/7691251/pexels-photo-7691251.jpeg,https://images.pexels.com/photos/9947831/pexels-photo-9947831.jpeg
Women's Clothing Product 4,70,"Lorem ipsum dolor sit amet, consectetur adipiscing elit. Nulla nec odio nec nisl tincidunt tincidunt. Nullam nec purus nec nisl",16,https://images.pexels.com/photos/9218397/pexels-photo-9218397.jpeg,https://images.pexels.com/photos/1008206/pexels-photo-1008206.jpeg,https://images.pexels.com/photos/5698855/pexels-photo-5698855.jpeg
Women's Clothing Product 7,59,"Lorem ipsum dolor sit amet, consectetur adipiscing elit. Nulla nec odio nec nisl tincidunt tincidunt. Nullam nec purus nec nisl",16,https://images.pexels.com/photos/6068953/pexels-photo-6068953.jpeg,https://images.pexels.com/photos/6630904/pexels-photo-6630904.jpeg,https://images.pexels.com/photos/8386656/pexels-photo-8386656.jpeg
Women's Clothing Product 10,80,"Lorem ipsum dolor sit amet, consectetur adipiscing elit. Nulla nec odio nec nisl tincidunt tincidunt. Nullam nec purus nec nisl",16,https://images.pexels.com/photos/8485650/pexels-photo-8485650.jpeg,https://images.pexels.com/photos/10125610/pexels-photo-10125610.jpeg,https://images.pexels.com/photos/5582495/pexels-photo-5582495.jpeg
Women's Clothing Product 13,46,"Lorem ipsum dolor sit amet, consectetur adipiscing elit. Nulla nec odio nec nisl tincidunt tincidunt. Nullam nec purus nec nisl",16,https://images.pexels.com/photos/5582935/pexels-photo-5582935.jpeg,https://images.pexels.com/photos/6539982/pexels-photo-6539982.jpeg,https://images.pexels.com/photos/7679453/pexels-photo-7679453.jpeg
Kids' Clothing Product 1,51,"Lorem ipsum dolor sit amet, consectetur adipiscing elit. Nulla nec odio nec nisl tincidunt tincidunt. Nullam nec purus nec nisl",17,https://images.pexels.com/photos/28865023/pexels-photo-28865023.jpeg,https://images.pexels.com/photos/27054228/pexels-photo-27054228.jpeg,https://images.pexels.com/photos/28860997/pexels-photo-28860997.jpeg
Kids' Clothing Product 4,47,"Lorem ipsum dolor sit amet, consectetur adipiscing elit. Nulla nec odio nec nisl tincidunt tincidunt. Nullam nec purus nec nisl",17,https://images.pexels.com/photos/236215/pexels-photo-236215.jpeg,https://images.pexels.com/photos/774091/pexels-photo-774091.jpeg,https://images.pexels.com/photos/4305045/pexels-photo-4305045.jpeg
Kids' Clothing Product 7,68,"Lorem ipsum dolor sit amet, consectetur adipiscing elit. Nulla nec odio nec nisl tincidunt tincidunt. Nullam nec purus nec nisl",17,https://images.pexels.com/photos/1684038/pexels-photo-1684038.jpeg,https://images.pexels.com/photos/1648374/pexels-photo-1648374.jpeg,https://images.pexels.com/photos/4715312/pexels-photo-4715312.jpeg
Kids' Clothing Product 10,68,"Lorem ipsum dolor sit amet, consectetur adipiscing elit. Nulla nec odio nec nisl tincidunt tincidunt. Nullam nec purus nec nisl",17,https://images.pexels.com/photos/3845457/pexels-photo-3845457.jpeg,https://images.pexels.com/photos/8298453/pexels-photo-8298453.jpeg,https://images.pexels.com/photos/15625985/pexels-photo-15625985.jpeg
Kids' Clothing Product 13,13,"Lorem ipsum dolor sit amet, consectetur adipiscing elit. Nulla nec odio nec nisl tincidunt tincidunt. Nullam nec purus nec nisl",17,https://images.pexels.com/photos/28757473/pexels-photo-28757473.jpeg,https://images.pexels.com/photos/4715313/pexels-photo-4715313.jpeg,https://images.pexels.com/photos/4715320/pexels-photo-4715320.jpeg
T-Shirts Product 1,86,"Lorem ipsum dolor sit amet, consectetur adipiscing elit. Nulla nec odio nec nisl tincidunt tincidunt. Nullam nec purus nec nisl",18,https://images.pexels.com/photos/996329/pexels-photo-996329.jpeg,https://images.pexels.com/photos/581087/pexels-photo-581087.jpeg,https://images.pexels.com/photos/581339/pexels-photo-581339.jpeg
T-Shirts Product 4,37,"Lorem ipsum dolor sit amet, consectetur adipiscing elit. Nulla nec odio nec nisl tincidunt tincidunt. Nullam nec purus nec nisl",18,https://images.pexels.com/photos/1261422/pexels-photo-1261422.jpeg,https://images.pexels.com/photos/1656684/pexels-photo-1656684.jpeg,https://images.pexels.com/photos/2112648/pexels-photo-2112648.jpeg
T-Shirts Product 7,92,"Lorem ipsum dolor sit amet, consectetur adipiscing elit. Nulla nec odio nec nisl tincidunt tincidunt. Nullam nec purus nec nisl",18,https://images.pexels.com/photos/991509/pexels-photo-991509.jpeg,https://images.pexels.com/photos/28926427/pexels-photo-28926427.jpeg,https://images.pexels.com/photos/28903435/pexels-photo-28903435.jpeg
T-Shirts Product 10,79,"Lorem ipsum dolor sit amet, consectetur adipiscing elit. Nulla nec odio nec nisl tincidunt tincidunt. Nullam nec purus nec nisl",18,https://images.pexels.com/photos/8532616/pexels-photo-8532616.jpeg,https://images.pexels.com/photos/6347892/pexels-photo-6347892.jpeg,https://images.pexels.com/photos/4066292/pexels-photo-4066292.jpeg
T-Shirts Product 13,64,"Lorem ipsum dolor sit amet, consectetur adipiscing elit. Nulla nec odio nec nisl tincidunt tincidunt. Nullam nec purus nec nisl",18,https://images.pexels.com/photos/6347888/pexels-photo-6347888.jpeg,https://images.pexels.com/photos/4066290/pexels-photo-4066290.jpeg,https://images.pexels.com/photos/7551442/pexels-photo-7551442.jpeg
Jeans Product 1,60,"Lorem ipsum dolor sit amet, consectetur adipiscing elit. Nulla nec odio nec nisl tincidunt tincidunt. Nullam nec purus nec nisl",19,https://images.pexels.com/photos/603022/pexels-photo-603022.jpeg,https://images.pexels.com/photos/1082529/pexels-photo-1082529.jpeg,https://images.pexels.com/photos/52518/jeans-pants-blue-shop-52518.jpeg
Jeans Product 4,100,"Lorem ipsum dolor sit amet, consectetur adipiscing elit. Nulla nec odio nec nisl tincidunt tincidunt. Nullam nec purus nec nisl",19,https://images.pexels.com/photos/235525/pexels-photo-235525.jpeg,https://images.pexels.com/photos/1598507/pexels-photo-1598507.jpeg,https://images.pexels.com/photos/1082528/pexels-photo-1082528.jpeg
Jeans Product 7,31,"Lorem ipsum dolor sit amet, consectetur adipiscing elit. Nulla nec odio nec nisl tincidunt tincidunt. Nullam nec purus nec nisl",19,https://images.pexels.com/photos/981619/pexels-photo-981619.jpeg,https://images.pexels.com/photos/2129970/pexels-photo-2129970.jpeg,https://images.pexels.com/photos/1346187/pexels-photo-1346187.jpeg
Jeans Product 10,76,"Lorem ipsum dolor sit amet, consectetur adipiscing elit. Nulla nec odio nec nisl tincidunt tincidunt. Nullam nec purus nec nisl",19,https://images.pexels.com/photos/173207/pexels-photo-173207.jpeg,https://images.pexels.com/photos/1804075/pexels-photo-1804075.jpeg,https://images.pexels.com/photos/1082526/pexels-photo-1082526.jpeg
Jeans Product 13,74,"Lorem ipsum dolor sit amet, consectetur adipiscing elit. Nulla nec odio nec nisl tincidunt tincidunt. Nullam nec purus nec nisl",19,https://images.pexels.com/photos/1482180/pexels-photo-1482180.jpeg,https://images.pexels.com/photos/4210863/pexels-photo-4210863.jpeg,https://images.pexels.com/photos/1852907/pexels-photo-1852907.jpeg
Dresses Product 1,16,"Lorem ipsum dolor sit amet, consectetur adipiscing elit. Nulla nec odio nec nisl tincidunt tincidunt. Nullam nec purus nec nisl",20,https://images.pexels.com/photos/985635/pexels-photo-985635.jpeg,https://images.pexels.com/photos/1057313/pexels-photo-1057313.jpeg,https://images.pexels.com/photos/1148957/pexels-photo-1148957.jpeg
Dresses Product 4,81,"Lorem ipsum dolor sit amet, consectetur adipiscing elit. Nulla nec odio nec nisl tincidunt tincidunt. Nullam nec purus nec nisl",20,https://images.pexels.com/photos/1055691/pexels-photo-1055691.jpeg,https://images.pexels.com/photos/2065195/pexels-photo-2065195.jpeg,https://images.pexels.com/photos/2235071/pexels-photo-2235071.jpeg
Dresses Product 7,89,"Lorem ipsum dolor sit amet, consectetur adipiscing elit. Nulla nec odio nec nisl tincidunt tincidunt. Nullam nec purus nec nisl",20,https://images.pexels.com/photos/1644910/pexels-photo-1644910.jpeg,https://images.pexels.com/photos/4046313/pexels-photo-4046313.jpeg,https://images.pexels.com/photos/1416377/pexels-photo-1416377.jpeg
Dresses Product 10,25,"Lorem ipsum dolor sit amet, consectetur adipiscing elit. Nulla nec odio nec nisl tincidunt tincidunt. Nullam nec purus nec nisl",20,https://images.pexels.com/photos/2974240/pexels-photo-2974240.jpeg,https://images.pexels.com/photos/1449667/pexels-photo-1449667.jpeg,https://images.pexels.com/photos/265705/pexels-photo-265705.jpeg
Dresses Product 13,94,"Lorem ipsum dolor sit amet, consectetur adipiscing elit. Nulla nec odio nec nisl tincidunt tincidunt. Nullam nec purus nec nisl",20,https://images.pexels.com/photos/4046317/pexels-photo-4046317.jpeg,https://images.pexels.com/photos/4046315/pexels-photo-4046315.jpeg,https://images.pexels.com/photos/4046311/pexels-photo-4046311.jpeg
Skirts Product 1,94,"Lorem ipsum dolor sit amet, consectetur adipiscing elit. Nulla nec odio nec nisl tincidunt tincidunt. Nullam nec purus nec nisl",21,https://images.pexels.com/photos/601316/pexels-photo-601316.jpeg,https://images.pexels.com/photos/1007018/pexels-photo-1007018.jpeg,https://images.pexels.com/photos/2820793/pexels-photo-2820793.jpeg
Skirts Product 4,78,"Lorem ipsum dolor sit amet, consectetur adipiscing elit. Nulla nec odio nec nisl tincidunt tincidunt. Nullam nec purus nec nisl",21,https://images.pexels.com/photos/1488507/pexels-photo-1488507.jpeg,https://images.pexels.com/photos/932401/pexels-photo-932401.jpeg,https://images.pexels.com/photos/18970607/pexels-photo-18970607.jpeg
Skirts Product 7,85,"Lorem ipsum dolor sit amet, consectetur adipiscing elit. Nulla nec odio nec nisl tincidunt tincidunt. Nullam nec purus nec nisl",21,https://images.pexels.com/photos/27078929/pexels-photo-27078929.jpeg,https://images.pexels.com/photos/6069982/pexels-photo-6069982.jpeg,https://images.pexels.com/photos/8485650/pexels-photo-8485650.jpeg
Skirts Product 10,14,"Lorem ipsum dolor sit amet, consectetur adipiscing elit. Nulla nec odio nec nisl tincidunt tincidunt. Nullam nec purus nec nisl",21,https://images.pexels.com/photos/5325696/pexels-photo-5325696.jpeg,https://images.pexels.com/photos/7610406/pexels-photo-7610406.jpeg,https://images.pexels.com/photos/9906676/pexels-photo-9906676.jpeg
Skirts Product 13,38,"Lorem ipsum dolor sit amet, consectetur adipiscing elit. Nulla nec odio nec nisl tincidunt tincidunt. Nullam nec purus nec nisl",21,https://images.pexels.com/photos/14831657/pexels-photo-14831657.jpeg,https://images.pexels.com/photos/3045193/pexels-photo-3045193.jpeg,https://images.pexels.com/photos/6923221/pexels-photo-6923221.jpeg
Boys' Clothing Product 1,74,"Lorem ipsum dolor sit amet, consectetur adipiscing elit. Nulla nec odio nec nisl tincidunt tincidunt. Nullam nec purus nec nisl",22,https://images.pexels.com/photos/14894490/pexels-photo-14894490.jpeg,https://images.pexels.com/photos/28865023/pexels-photo-28865023.jpeg,https://images.pexels.com/photos/1648374/pexels-photo-1648374.jpeg
Boys' Clothing Product 4,57,"Lorem ipsum dolor sit amet, consectetur adipiscing elit. Nulla nec odio nec nisl tincidunt tincidunt. Nullam nec purus nec nisl",22,https://images.pexels.com/photos/4715312/pexels-photo-4715312.jpeg,https://images.pexels.com/photos/3027243/pexels-photo-3027243.jpeg,https://images.pexels.com/photos/5037072/pexels-photo-5037072.jpeg
Boys' Clothing Product 7,92,"Lorem ipsum dolor sit amet, consectetur adipiscing elit. Nulla nec odio nec nisl tincidunt tincidunt. Nullam nec purus nec nisl",22,https://images.pexels.com/photos/6976369/pexels-photo-6976369.jpeg,https://images.pexels.com/photos/8298453/pexels-photo-8298453.jpeg,https://images.pexels.com/photos/4715313/pexels-photo-4715313.jpeg
Boys' Clothing Product 10,42,"Lorem ipsum dolor sit amet, consectetur adipiscing elit. Nulla nec odio nec nisl tincidunt tincidunt. Nullam nec purus nec nisl",22,https://images.pexels.com/photos/4715320/pexels-photo-4715320.jpeg,https://images.pexels.com/photos/1620769/pexels-photo-1620769.jpeg,https://images.pexels.com/photos/4715319/pexels-photo-4715319.jpeg
Boys' Clothing Product 13,19,"Lorem ipsum dolor sit amet, consectetur adipiscing elit. Nulla nec odio nec nisl tincidunt tincidunt. Nullam nec purus nec nisl",22,https://images.pexels.com/photos/4715317/pexels-photo-4715317.jpeg,https://images.pexels.com/photos/5560018/pexels-photo-5560018.jpeg,https://images.pexels.com/photos/5899285/pexels-photo-5899285.jpeg
Girls' Clothing Product 1,92,"Lorem ipsum dolor sit amet, consectetur adipiscing elit. Nulla nec odio nec nisl tincidunt tincidunt. Nullam nec purus nec nisl",23,https://images.pexels.com/photos/28834147/pexels-photo-28834147.jpeg,https://images.pexels.com/photos/28864318/pexels-photo-28864318.jpeg,https://images.pexels.com/photos/1677275/pexels-photo-1677275.jpeg
Girls' Clothing Product 4,89,"Lorem ipsum dolor sit amet, consectetur adipiscing elit. Nulla nec odio nec nisl tincidunt tincidunt. Nullam nec purus nec nisl",23,https://images.pexels.com/photos/1564149/pexels-photo-1564149.jpeg,https://images.pexels.com/photos/8530346/pexels-photo-8530346.jpeg,https://images.pexels.com/photos/236215/pexels-photo-236215.jpeg
Girls' Clothing Product 7,23,"Lorem ipsum dolor sit amet, consectetur adipiscing elit. Nulla nec odio nec nisl tincidunt tincidunt. Nullam nec purus nec nisl",23,https://images.pexels.com/photos/4919715/pexels-photo-4919715.jpeg,https://images.pexels.com/photos/4937224/pexels-photo-4937224.jpeg,https://images.pexels.com/photos/4919739/pexels-photo-4919739.jpeg
Girls' Clothing Product 10,75,"Lorem ipsum dolor sit amet, consectetur adipiscing elit. Nulla nec odio nec nisl tincidunt tincidunt. Nullam nec purus nec nisl",23,https://images.pexels.com/photos/5119409/pexels-photo-5119409.jpeg,https://images.pexels.com/photos/8531226/pexels-photo-8531226.jpeg,https://images.pexels.com/photos/20889990/pexels-photo-20889990.jpeg
Girls' Clothing Product 13,36,"Lorem ipsum dolor sit amet, consectetur adipiscing elit. Nulla nec odio nec nisl tincidunt tincidunt. Nullam nec purus nec nisl",23,https://images.pexels.com/photos/1035691/pexels-photo-1035691.jpeg,https://images.pexels.com/photos/774091/pexels-photo-774091.jpeg,https://images.pexels.com/photos/8531373/pexels-photo-8531373.jpeg
Home & Kitchen Product 1,86,"Lorem ipsum dolor sit amet, consectetur adipiscing elit. Nulla nec odio nec nisl tincidunt tincidunt. Nullam nec purus nec nisl",24,https://images.pexels.com/photos/106399/pexels-photo-106399.jpeg,https://images.pexels.com/photos/298842/pexels-photo-298842.jpeg,https://images.pexels.com/photos/2950003/pexels-photo-2950003.jpeg
Home & Kitchen Product 4,28,"Lorem ipsum dolor sit amet, consectetur adipiscing elit. Nulla nec odio nec nisl tincidunt tincidunt. Nullam nec purus nec nisl",24,https://images.pexels.com/photos/186077/pexels-photo-186077.jpeg,https://images.pexels.com/photos/276724/pexels-photo-276724.jpeg,https://images.pexels.com/photos/1080696/pexels-photo-1080696.jpeg
Home & Kitchen Product 7,54,"Lorem ipsum dolor sit amet, consectetur adipiscing elit. Nulla nec odio nec nisl tincidunt tincidunt. Nullam nec purus nec nisl",24,https://images.pexels.com/photos/2079246/pexels-photo-2079246.jpeg,https://images.pexels.com/photos/1396122/pexels-photo-1396122.jpeg,https://images.pexels.com/photos/1080721/pexels-photo-1080721.jpeg
Home & Kitchen Product 10,100,"Lorem ipsum dolor sit amet, consectetur adipiscing elit. Nulla nec odio nec nisl tincidunt tincidunt. Nullam nec purus nec nisl",24,https://images.pexels.com/photos/731082/pexels-photo-731082.jpeg,https://images.pexels.com/photos/259588/pexels-photo-259588.jpeg,https://images.pexels.com/photos/2635038/pexels-photo-2635038.jpeg
Home & Kitchen Product 13,68,"Lorem ipsum dolor sit amet, consectetur adipiscing elit. Nulla nec odio nec nisl tincidunt tincidunt. Nullam nec purus nec nisl",24,https://images.pexels.com/photos/1005058/pexels-photo-1005058.jpeg,https://images.pexels.com/photos/2102587/pexels-photo-2102587.jpeg,https://images.pexels.com/photos/667838/pexels-photo-667838.jpeg
Furniture Product 1,29,"Lorem ipsum dolor sit amet, consectetur adipiscing elit. Nulla nec odio nec nisl tincidunt tincidunt. Nullam nec purus nec nisl",25,https://images.pexels.com/photos/1350789/pexels-photo-1350789.jpeg,https://images.pexels.com/photos/245208/pexels-photo-245208.jpeg,https://images.pexels.com/photos/276583/pexels-photo-276583.jpeg
Furniture Product 4,63,"Lorem ipsum dolor sit amet, consectetur adipiscing elit. Nulla nec odio nec nisl tincidunt tincidunt. Nullam nec purus nec nisl",25,https://images.pexels.com/photos/1866149/pexels-photo-1866149.jpeg,https://images.pexels.com/photos/1571460/pexels-photo-1571460.jpeg,https://images.pexels.com/photos/276528/pexels-photo-276528.jpeg
Furniture Product 7,29,"Lorem ipsum dolor sit amet, consectetur adipiscing elit. Nulla nec odio nec nisl tincidunt tincidunt. Nullam nec purus nec nisl",25,https://images.pexels.com/photos/1148955/pexels-photo-1148955.jpeg,https://images.pexels.com/photos/963486/pexels-photo-963486.jpeg,https://images.pexels.com/photos/271816/pexels-photo-271816.jpeg
Furniture Product 10,74,"Lorem ipsum dolor sit amet, consectetur adipiscing elit. Nulla nec odio nec nisl tincidunt tincidunt. Nullam nec purus nec nisl",25,https://images.pexels.com/photos/276534/pexels-photo-276534.jpeg,https://images.pexels.com/photos/775219/pexels-photo-775219.jpeg,https://images.pexels.com/photos/923192/pexels-photo-923192.jpeg
Furniture Product 13,21,"Lorem ipsum dolor sit amet, consectetur adipiscing elit. Nulla nec odio nec nisl tincidunt tincidunt. Nullam nec purus nec nisl",25,https://images.pexels.com/photos/667838/pexels-photo-667838.jpeg,https://images.pexels.com/photos/1643383/pexels-photo-1643383.jpeg,https://images.pexels.com/photos/1080696/pexels-photo-1080696.jpeg
Appliances Product 1,58,"Lorem ipsum dolor sit amet, consectetur adipiscing elit. Nulla nec odio nec nisl tincidunt tincidunt. Nullam nec purus nec nisl",26,https://images.pexels.com/photos/213162/pexels-photo-213162.jpeg,https://images.pexels.com/photos/1370082/pexels-photo-1370082.jpeg,https://images.pexels.com/photos/1450903/pexels-photo-1450903.jpeg
Appliances Product 4,77,"Lorem ipsum dolor sit amet, consectetur adipiscing elit. Nulla nec odio nec nisl tincidunt tincidunt. Nullam nec purus nec nisl",26,https://images.pexels.com/photos/2343467/pexels-photo-2343467.jpeg,https://images.pexels.com/photos/1271940/pexels-photo-1271940.jpeg,https://images.pexels.com/photos/1599791/pexels-photo-1599791.jpeg
Appliances Product 7,43,"Lorem ipsum dolor sit amet, consectetur adipiscing elit. Nulla nec odio nec nisl tincidunt tincidunt. Nullam nec purus nec nisl",26,https://images.pexels.com/photos/3016430/pexels-photo-3016430.jpeg,https://images.pexels.com/photos/53422/ironing-iron-press-clothing-53422.jpeg,https://images.pexels.com/photos/2724748/pexels-photo-2724748.jpeg
Appliances Product 10,74,"Lorem ipsum dolor sit amet, consectetur adipiscing elit. Nulla nec odio nec nisl tincidunt tincidunt. Nullam nec purus nec nisl",26,https://images.pexels.com/photos/38325/vacuum-cleaner-carpet-cleaner-housework-housekeeping-38325.jpeg,https://images.pexels.com/photos/1450907/pexels-photo-1450907.jpeg,https://images.pexels.com/photos/1080721/pexels-photo-1080721.jpeg
Appliances Product 13,94,"Lorem ipsum dolor sit amet, consectetur adipiscing elit. Nulla nec odio nec nisl tincidunt tincidunt. Nullam nec purus nec nisl",26,https://images.pexels.com/photos/534151/pexels-photo-534151.jpeg,https://images.pexels.com/photos/1173651/pexels-photo-1173651.jpeg,https://images.pexels.com/photos/2724749/pexels-photo-2724749.jpeg
Kitchenware Product 1,80,"Lorem ipsum dolor sit amet, consectetur adipiscing elit. Nulla nec odio nec nisl tincidunt tincidunt. Nullam nec purus nec nisl",27,https://images.pexels.com/photos/211760/pexels-photo-211760.jpeg,https://images.pexels.com/photos/269257/pexels-photo-269257.jpeg,https://images.pexels.com/photos/350417/pexels-photo-350417.jpeg
Kitchenware Product 4,92,"Lorem ipsum dolor sit amet, consectetur adipiscing elit. Nulla nec odio nec nisl tincidunt tincidunt. Nullam nec purus nec nisl",27,https://images.pexels.com/photos/952478/pexels-photo-952478.jpeg,https://images.pexels.com/photos/3505699/pexels-photo-3505699.jpeg,https://images.pexels.com/photos/1450903/pexels-photo-1450903.jpeg
Kitchenware Product 7,92,"Lorem ipsum dolor sit amet, consectetur adipiscing elit. Nulla nec odio nec nisl tincidunt tincidunt. Nullam nec purus nec nisl",27,https://images.pexels.com/photos/1907642/pexels-photo-1907642.jpeg,https://images.pexels.com/photos/1435909/pexels-photo-1435909.jpeg,https://images.pexels.com/photos/1080721/pexels-photo-1080721.jpeg
Kitchenware Product 10,75,"Lorem ipsum dolor sit amet, consectetur adipiscing elit. Nulla nec odio nec nisl tincidunt tincidunt. Nullam nec purus nec nisl",27,https://images.pexels.com/photos/1153369/pexels-photo-1153369.jpeg,https://images.pexels.com/photos/2062425/pexels-photo-2062425.jpeg,https://images.pexels.com/photos/1370082/pexels-photo-1370082.jpeg
Kitchenware Product 13,87,"Lorem ipsum dolor sit amet, consectetur adipiscing elit. Nulla nec odio nec nisl tincidunt tincidunt. Nullam nec purus nec nisl",27,https://images.pexels.com/photos/2002429/pexels-photo-2002429.jpeg,https://images.pexels.com/photos/175745/pexels-photo-175745.jpeg,https://images.pexels.com/photos/28927290/pexels-photo-28927290.jpeg
Sofas Product 1,88,"Lorem ipsum dolor sit amet, consectetur adipiscing elit. Nulla nec odio nec nisl tincidunt tincidunt. Nullam nec purus nec nisl",28,https://images.pexels.com/photos/1866149/pexels-photo-1866149.jpeg,https://images.pexels.com/photos/2041003/pexels-photo-2041003.jpeg,https://images.pexels.com/photos/298842/pexels-photo-298842.jpeg
Sofas Product 4,38,"Lorem ipsum dolor sit amet, consectetur adipiscing elit. Nulla nec odio nec nisl tincidunt tincidunt. Nullam nec purus nec nisl",28,https://images.pexels.com/photos/2029715/pexels-photo-2029715.jpeg,https://images.pexels.com/photos/2883048/pexels-photo-2883048.jpeg,https://images.pexels.com/photos/6480707/pexels-photo-6480707.jpeg
Sofas Product 7,84,"Lorem ipsum dolor sit amet, consectetur adipiscing elit. Nulla nec odio nec nisl tincidunt tincidunt. Nullam nec purus nec nisl",28,https://images.pexels.com/photos/3965534/pexels-photo-3965534.jpeg,https://images.pexels.com/photos/2986011/pexels-photo-2986011.jpeg,https://images.pexels.com/photos/8987432/pexels-photo-8987432.jpeg
Sofas Product 10,31,"Lorem ipsum dolor sit amet, consectetur adipiscing elit. Nulla nec odio nec nisl tincidunt tincidunt. Nullam nec purus nec nisl",28,https://images.pexels.com/photos/6580416/pexels-photo-6580416.jpeg,https://images.pexels.com/photos/4846097/pexels-photo-4846097.jpeg,https://images.pexels.com/photos/4866045/pexels-photo-4866045.jpeg
Sofas Product 13,42,"Lorem ipsum dolor sit amet, consectetur adipiscing elit. Nulla nec odio nec nisl tincidunt tincidunt. Nullam nec purus nec nisl",28,https://images.pexels.com/photos/5824901/pexels-photo-5824901.jpeg,https://images.pexels.com/photos/8581040/pexels-photo-8581040.jpeg,https://images.pexels.com/photos/8581013/pexels-photo-8581013.jpeg
Beds Product 1,11,"Lorem ipsum dolor sit amet, consectetur adipiscing elit. Nulla nec odio nec nisl tincidunt tincidunt. Nullam nec purus nec nisl",29,https://images.pexels.com/photos/164595/pexels-photo-164595.jpeg,https://images.pexels.com/photos/2736388/pexels-photo-2736388.jpeg,https://images.pexels.com/photos/260553/pexels-photo-260553.jpeg
Beds Product 4,74,"Lorem ipsum dolor sit amet, consectetur adipiscing elit. Nulla nec odio nec nisl tincidunt tincidunt. Nullam nec purus nec nisl",29,https://images.pexels.com/photos/2029722/pexels-photo-2029722.jpeg,https://images.pexels.com/photos/1454806/pexels-photo-1454806.jpeg,https://images.pexels.com/photos/775219/pexels-photo-775219.jpeg
Beds Product 7,33,"Lorem ipsum dolor sit amet, consectetur adipiscing elit. Nulla nec odio nec nisl tincidunt tincidunt. Nullam nec purus nec nisl",29,https://images.pexels.com/photos/2375033/pexels-photo-2375033.jpeg,https://images.pexels.com/photos/3635802/pexels-photo-3635802.jpeg,https://images.pexels.com/photos/262048/pexels-photo-262048.jpeg
Beds Product 10,87,"Lorem ipsum dolor sit amet, consectetur adipiscing elit. Nulla nec odio nec nisl tincidunt tincidunt. Nullam nec purus nec nisl",29,https://images.pexels.com/photos/1034584/pexels-photo-1034584.jpeg,https://images.pexels.com/photos/4907184/pexels-photo-4907184.jpeg,https://images.pexels.com/photos/4907205/pexels-photo-4907205.jpeg
Beds Product 13,60,"Lorem ipsum dolor sit amet, consectetur adipiscing elit. Nulla nec odio nec nisl tincidunt tincidunt. Nullam nec purus nec nisl",29,https://images.pexels.com/photos/7746077/pexels-photo-7746077.jpeg,https://images.pexels.com/photos/4907609/pexels-photo-4907609.jpeg,https://images.pexels.com/photos/3993317/pexels-photo-3993317.jpeg
Refrigerators Product 1,83,"Lorem ipsum dolor sit amet, consectetur adipiscing elit. Nulla nec odio nec nisl tincidunt tincidunt. Nullam nec purus nec nisl",30,https://images.pexels.com/photos/10194836/pexels-photo-10194836.jpeg,https://images.pexels.com/photos/12081286/pexels-photo-12081286.jpeg,https://images.pexels.com/photos/18121549/pexels-photo-18121549.jpeg
Refrigerators Product 4,82,"Lorem ipsum dolor sit amet, consectetur adipiscing elit. Nulla nec odio nec nisl tincidunt tincidunt. Nullam nec purus nec nisl",30,https://images.pexels.com/photos/6427958/pexels-photo-6427958.jpeg,https://images.pexels.com/photos/8867645/pexels-photo-8867645.jpeg,https://images.pexels.com/photos/2724748/pexels-photo-2724748.jpeg
Refrigerators Product 7,40,"Lorem ipsum dolor sit amet, consectetur adipiscing elit. Nulla nec odio nec nisl tincidunt tincidunt. Nullam nec purus nec nisl",30,https://images.pexels.com/photos/93398/pexels-photo-93398.jpeg,https://images.pexels.com/photos/373541/pexels-photo-373541.jpeg,https://images.pexels.com/photos/6301168/pexels-photo-6301168.jpeg
Refrigerators Product 10,80,"Lorem ipsum dolor sit amet, consectetur adipiscing elit. Nulla nec odio nec nisl tincidunt tincidunt. Nullam nec purus nec nisl",30,https://images.pexels.com/photos/5825699/pexels-photo-5825699.jpeg,https://images.pexels.com/photos/338711/pexels-photo-338711.jpeg,https://images.pexels.com/photos/3028500/pexels-photo-3028500.jpeg
Refrigerators Product 13,100,"Lorem ipsum dolor sit amet, consectetur adipiscing elit. Nulla nec odio nec nisl tincidunt tincidunt. Nullam nec purus nec nisl",30,https://images.pexels.com/photos/3230214/pexels-photo-3230214.jpeg,https://images.pexels.com/photos/6283972/pexels-photo-6283972.jpeg,https://images.pexels.com/photos/972841/pexels-photo-972841.jpeg
Washing Machines Product 1,50,"Lorem ipsum dolor sit amet, consectetur adipiscing elit. Nulla nec odio nec nisl tincidunt tincidunt. Nullam nec purus nec nisl",31,https://images.pexels.com/photos/2347642/pexels-photo-2347642.jpeg,https://images.pexels.com/photos/2254065/pexels-photo-2254065.jpeg,https://images.pexels.com/photos/19237086/pexels-photo-19237086.jpeg
Washing Machines Product 4,27,"Lorem ipsum dolor sit amet, consectetur adipiscing elit. Nulla nec odio nec nisl tincidunt tincidunt. Nullam nec purus nec nisl",31,https://images.pexels.com/photos/15625101/pexels-photo-15625101.jpeg,https://images.pexels.com/photos/4700383/pexels-photo-4700383.jpeg,https://images.pexels.com/photos/3234007/pexels-photo-3234007.jpeg
Washing Machines Product 7,26,"Lorem ipsum dolor sit amet, consectetur adipiscing elit. Nulla nec odio nec nisl tincidunt tincidunt. Nullam nec purus nec nisl",31,https://images.pexels.com/photos/5087727/pexels-photo-5087727.jpeg,https://images.pexels.com/photos/8774391/pexels-photo-8774391.jpeg,https://images.pexels.com/photos/11213239/pexels-photo-11213239.jpeg
Washing Machines Product 10,49,"Lorem ipsum dolor sit amet, consectetur adipiscing elit. Nulla nec odio nec nisl tincidunt tincidunt. Nullam nec purus nec nisl",31,https://images.pexels.com/photos/15625104/pexels-photo-15625104.jpeg,https://images.pexels.com/photos/4700611/pexels-photo-4700611.jpeg,https://images.pexels.com/photos/4700400/pexels-photo-4700400.jpeg
Washing Machines Product 13,32,"Lorem ipsum dolor sit amet, consectetur adipiscing elit. Nulla nec odio nec nisl tincidunt tincidunt. Nullam nec purus nec nisl",31,https://images.pexels.com/photos/7619403/pexels-photo-7619403.jpeg,https://images.pexels.com/photos/8774556/pexels-photo-8774556.jpeg,https://images.pexels.com/photos/8774379/pexels-photo-8774379.jpeg
Cookware Product 1,96,"Lorem ipsum dolor sit amet, consectetur adipiscing elit. Nulla nec odio nec nisl tincidunt tincidunt. Nullam nec purus nec nisl",32,https://images.pexels.com/photos/187083/pexels-photo-187083.jpeg,https://images.pexels.com/photos/45247/potato-cook-pot-eat-45247.jpeg,https://images.pexels.com/photos/1194432/pexels-photo-1194432.jpeg
Cookware Product 4,96,"Lorem ipsum dolor sit amet, consectetur adipiscing elit. Nulla nec odio nec nisl tincidunt tincidunt. Nullam nec purus nec nisl",32,https://images.pexels.com/photos/2868977/pexels-photo-2868977.jpeg,https://images.pexels.com/photos/2544829/pexels-photo-2544829.jpeg,https://images.pexels.com/photos/2890387/pexels-photo-2890387.jpeg
Cookware Product 7,18,"Lorem ipsum dolor sit amet, consectetur adipiscing elit. Nulla nec odio nec nisl tincidunt tincidunt. Nullam nec purus nec nisl",32,https://images.pexels.com/photos/951334/pexels-photo-951334.jpeg,https://images.pexels.com/photos/1194436/pexels-photo-1194436.jpeg,https://images.pexels.com/photos/1277939/pexels-photo-1277939.jpeg
Cookware Product 10,63,"Lorem ipsum dolor sit amet, consectetur adipiscing elit. Nulla nec odio nec nisl tincidunt tincidunt. Nullam nec purus nec nisl",32,https://images.pexels.com/photos/1587830/pexels-photo-1587830.jpeg,https://images.pexels.com/photos/3298605/pexels-photo-3298605.jpeg,https://images.pexels.com/photos/28907096/pexels-photo-28907096.jpeg
Cookware Product 13,34,"Lorem ipsum dolor sit amet, consectetur adipiscing elit. Nulla nec odio nec nisl tincidunt tincidunt. Nullam nec purus nec nisl",32,https://images.pexels.com/photos/28885912/pexels-photo-28885912.jpeg,https://images.pexels.com/photos/877226/frying-pan-cooking-pasta-tomato-877226.jpeg,https://images.pexels.com/photos/3769999/pexels-photo-3769999.jpeg
Cutlery Product 1,87,"Lorem ipsum dolor sit amet, consectetur adipiscing elit. Nulla nec odio nec nisl tincidunt tincidunt. Nullam nec purus nec nisl",33,https://images.pexels.com/photos/269257/pexels-photo-269257.jpeg,https://images.pexels.com/photos/291767/pexels-photo-291767.jpeg,https://images.pexels.com/photos/2147637/pexels-photo-2147637.jpeg
Cutlery Product 4,20,"Lorem ipsum dolor sit amet, consectetur adipiscing elit. Nulla nec odio nec nisl tincidunt tincidunt. Nullam nec purus nec nisl",33,https://images.pexels.com/photos/172491/pexels-photo-172491.jpeg,https://images.pexels.com/photos/940302/pexels-photo-940302.jpeg,https://images.pexels.com/photos/350417/pexels-photo-350417.jpeg
Cutlery Product 7,38,"Lorem ipsum dolor sit amet, consectetur adipiscing elit. Nulla nec odio nec nisl tincidunt tincidunt. Nullam nec purus nec nisl",33,https://images.pexels.com/photos/1395967/pexels-photo-1395967.jpeg,https://images.pexels.com/photos/1395964/pexels-photo-1395964.jpeg,https://images.pexels.com/photos/1191403/pexels-photo-1191403.jpeg
Cutlery Product 10,71,"Lorem ipsum dolor sit amet, consectetur adipiscing elit. Nulla nec odio nec nisl tincidunt tincidunt. Nullam nec purus nec nisl",33,https://images.pexels.com/photos/203554/pexels-photo-203554.jpeg,https://images.pexels.com/photos/2291591/pexels-photo-2291591.jpeg,https://images.pexels.com/photos/265940/pexels-photo-265940.jpeg
Cutlery Product 13,28,"Lorem ipsum dolor sit amet, consectetur adipiscing elit. Nulla nec odio nec nisl tincidunt tincidunt. Nullam nec purus nec nisl",33,https://images.pexels.com/photos/1813503/pexels-photo-1813503.jpeg,https://images.pexels.com/photos/1907642/pexels-photo-1907642.jpeg,https://images.pexels.com/photos/1170371/pexels-photo-1170371.jpeg
Books Product 1,97,"Lorem ipsum dolor sit amet, consectetur adipiscing elit. Nulla nec odio nec nisl tincidunt tincidunt. Nullam nec purus nec nisl",34,https://images.pexels.com/photos/922100/pexels-photo-922100.png,https://images.pexels.com/photos/4132936/pexels-photo-4132936.png,https://images.pexels.com/photos/5084674/pexels-photo-5084674.jpeg
Books Product 4,55,"Lorem ipsum dolor sit amet, consectetur adipiscing elit. Nulla nec odio nec nisl tincidunt tincidunt. Nullam nec purus nec nisl",34,https://images.pexels.com/photos/4058794/pexels-photo-4058794.jpeg,https://images.pexels.com/photos/4058797/pexels-photo-4058797.jpeg,https://images.pexels.com/photos/5331071/pexels-photo-5331071.jpeg
Books Product 7,100,"Lorem ipsum dolor sit amet, consectetur adipiscing elit. Nulla nec odio nec nisl tincidunt tincidunt. Nullam nec purus nec nisl",34,https://images.pexels.com/photos/5331074/pexels-photo-5331074.jpeg,https://images.pexels.com/photos/4581325/pexels-photo-4581325.jpeg,https://images.pexels.com/photos/159866/books-book-pages-read-literature-159866.jpeg
Books Product 10,16,"Lorem ipsum dolor sit amet, consectetur adipiscing elit. Nulla nec odio nec nisl tincidunt tincidunt. Nullam nec purus nec nisl",34,https://images.pexels.com/photos/159711/books-bookstore-book-reading-159711.jpeg,https://images.pexels.com/photos/904616/pexels-photo-904616.jpeg,https://images.pexels.com/photos/1148399/pexels-photo-1148399.jpeg
Books Product 13,17,"Lorem ipsum dolor sit amet, consectetur adipiscing elit. Nulla nec odio nec nisl tincidunt tincidunt. Nullam nec purus nec nisl",34,https://images.pexels.com/photos/694740/pexels-photo-694740.jpeg,https://images.pexels.com/photos/301920/pexels-photo-301920.jpeg,https://images.pexels.com/photos/46274/pexels-photo-46274.jpeg
Fiction Books Product 1,30,"Lorem ipsum dolor sit amet, consectetur adipiscing elit. Nulla nec odio nec nisl tincidunt tincidunt. Nullam nec purus nec nisl",35,https://images.pexels.com/photos/28908202/pexels-photo-28908202.jpeg,https://images.pexels.com/photos/5530671/pexels-photo-5530671.jpeg,https://images.pexels.com/photos/159711/books-bookstore-book-reading-159711.jpeg
Fiction Books Product 4,12,"Lorem ipsum dolor sit amet, consectetur adipiscing elit. Nulla nec odio nec nisl tincidunt tincidunt. Nullam nec purus nec nisl",35,https://images.pexels.com/photos/1926988/pexels-photo-1926988.jpeg,https://images.pexels.com/photos/694740/pexels-photo-694740.jpeg,https://images.pexels.com/photos/4170629/pexels-photo-4170629.jpeg
Fiction Books Product 7,27,"Lorem ipsum dolor sit amet, consectetur adipiscing elit. Nulla nec odio nec nisl tincidunt tincidunt. Nullam nec purus nec nisl",35,https://images.pexels.com/photos/6344231/pexels-photo-6344231.jpeg,https://images.pexels.com/photos/159778/books-reading-series-narnia-159778.jpeg,https://images.pexels.com/photos/1662277/pexels-photo-1662277.jpeg
Fiction Books Product 10,52,"Lorem ipsum dolor sit amet, consectetur adipiscing elit. Nulla nec odio nec nisl tincidunt tincidunt. Nullam nec purus nec nisl",35,https://images.pexels.com/photos/3747576/pexels-photo-3747576.jpeg,https://images.pexels.com/photos/2943603/pexels-photo-2943603.jpeg,https://images.pexels.com/photos/3952078/pexels-photo-3952078.jpeg
Fiction Books Product 13,18,"Lorem ipsum dolor sit amet, consectetur adipiscing elit. Nulla nec odio nec nisl tincidunt tincidunt. Nullam nec purus nec nisl",35,https://images.pexels.com/photos/1098601/pexels-photo-1098601.jpeg,https://images.pexels.com/photos/4857773/pexels-photo-4857773.jpeg,https://images.pexels.com/photos/2328869/pexels-photo-2328869.jpeg
Non-Fiction Books Product 1,13,"Lorem ipsum dolor sit amet, consectetur adipiscing elit. Nulla nec odio nec nisl tincidunt tincidunt. Nullam nec purus nec nisl",36,https://images.pexels.com/photos/5530671/pexels-photo-5530671.jpeg,https://images.pexels.com/photos/159711/books-bookstore-book-reading-159711.jpeg,https://images.pexels.com/photos/1926988/pexels-photo-1926988.jpeg
Non-Fiction Books Product 4,26,"Lorem ipsum dolor sit amet, consectetur adipiscing elit. Nulla nec odio nec nisl tincidunt tincidunt. Nullam nec purus nec nisl",36,https://images.pexels.com/photos/694740/pexels-photo-694740.jpeg,https://images.pexels.com/photos/2067569/pexels-photo-2067569.jpeg,https://images.pexels.com/photos/6344231/pexels-photo-6344231.jpeg
Non-Fiction Books Product 7,57,"Lorem ipsum dolor sit amet, consectetur adipiscing elit. Nulla nec odio nec nisl tincidunt tincidunt. Nullam nec purus nec nisl",36,https://images.pexels.com/photos/3747163/pexels-photo-3747163.jpeg,https://images.pexels.com/photos/1662277/pexels-photo-1662277.jpeg,https://images.pexels.com/photos/3747576/pexels-photo-3747576.jpeg
Non-Fiction Books Product 10,41,"Lorem ipsum dolor sit amet, consectetur adipiscing elit. Nulla nec odio nec nisl tincidunt tincidunt. Nullam nec purus nec nisl",36,https://images.pexels.com/photos/3952078/pexels-photo-3952078.jpeg,https://images.pexels.com/photos/1098601/pexels-photo-1098601.jpeg,https://images.pexels.com/photos/2328869/pexels-photo-2328869.jpeg
Non-Fiction Books Product 13,38,"Lorem ipsum dolor sit amet, consectetur adipiscing elit. Nulla nec odio nec nisl tincidunt tincidunt. Nullam nec purus nec nisl",36,https://images.pexels.com/photos/1184589/pexels-photo-1184589.png,https://images.pexels.com/photos/2925306/pexels-photo-2925306.jpeg,https://images.pexels.com/photos/3021314/pexels-photo-3021314.jpeg
Children's Books Product 1,20,"Lorem ipsum dolor sit amet, consectetur adipiscing elit. Nulla nec odio nec nisl tincidunt tincidunt. Nullam nec purus nec nisl",37,https://images.pexels.com/photos/1741230/pexels-photo-1741230.jpeg,https://images.pexels.com/photos/1741231/pexels-photo-1741231.jpeg,https://images.pexels.com/photos/3661193/pexels-photo-3661193.jpeg
Children's Books Product 4,89,"Lorem ipsum dolor sit amet, consectetur adipiscing elit. Nulla nec odio nec nisl tincidunt tincidunt. Nullam nec purus nec nisl",37,https://images.pexels.com/photos/261895/pexels-photo-261895.jpeg,https://images.pexels.com/photos/159711/books-bookstore-book-reading-159711.jpeg,https://images.pexels.com/photos/7045846/pexels-photo-7045846.jpeg
Children's Books Product 7,94,"Lorem ipsum dolor sit amet, consectetur adipiscing elit. Nulla nec odio nec nisl tincidunt tincidunt. Nullam nec purus nec nisl",37,https://images.pexels.com/photos/10643456/pexels-photo-10643456.jpeg,https://images.pexels.com/photos/159778/books-reading-series-narnia-159778.jpeg,https://images.pexels.com/photos/8500414/pexels-photo-8500414.jpeg
Children's Books Product 10,16,"Lorem ipsum dolor sit amet, consectetur adipiscing elit. Nulla nec odio nec nisl tincidunt tincidunt. Nullam nec purus nec nisl",37,https://images.pexels.com/photos/8922325/pexels-photo-8922325.jpeg,https://images.pexels.com/photos/9873934/pexels-photo-9873934.jpeg,https://images.pexels.com/photos/6591650/pexels-photo-6591650.jpeg
Children's Books Product 13,66,"Lorem ipsum dolor sit amet, consectetur adipiscing elit. Nulla nec odio nec nisl tincidunt tincidunt. Nullam nec purus nec nisl",37,https://images.pexels.com/photos/8499572/pexels-photo-8499572.jpeg,https://images.pexels.com/photos/8499579/pexels-photo-8499579.jpeg,https://images.pexels.com/photos/8535628/pexels-photo-8535628.jpeg
Mystery Books Product 1,23,"Lorem ipsum dolor sit amet, consectetur adipiscing elit. Nulla nec odio nec nisl tincidunt tincidunt. Nullam nec purus nec nisl",38,https://images.pexels.com/photos/28908202/pexels-photo-28908202.jpeg,https://images.pexels.com/photos/5095880/pexels-photo-5095880.jpeg,https://images.pexels.com/photos/5095884/pexels-photo-5095884.jpeg
Mystery Books Product 4,38,"Lorem ipsum dolor sit amet, consectetur adipiscing elit. Nulla nec odio nec nisl tincidunt tincidunt. Nullam nec purus nec nisl",38,https://images.pexels.com/photos/4256852/pexels-photo-4256852.jpeg,https://images.pexels.com/photos/7097778/pexels-photo-7097778.jpeg,https://images.pexels.com/photos/7189440/pexels-photo-7189440.jpeg
Mystery Books Product 7,38,"Lorem ipsum dolor sit amet, consectetur adipiscing elit. Nulla nec odio nec nisl tincidunt tincidunt. Nullam nec purus nec nisl",38,https://images.pexels.com/photos/4100766/pexels-photo-4100766.jpeg,https://images.pexels.com/photos/6806428/pexels-photo-6806428.jpeg,https://images.pexels.com/photos/6806746/pexels-photo-6806746.jpeg
Mystery Books Product 10,23,"Lorem ipsum dolor sit amet, consectetur adipiscing elit. Nulla nec odio nec nisl tincidunt tincidunt. Nullam nec purus nec nisl",38,https://images.pexels.com/photos/7097887/pexels-photo-7097887.jpeg,https://images.pexels.com/photos/8390268/pexels-photo-8390268.jpeg,https://images.pexels.com/photos/7978029/pexels-photo-7978029.jpeg
Mystery Books Product 13,72,"Lorem ipsum dolor sit amet, consectetur adipiscing elit. Nulla nec odio nec nisl tincidunt tincidunt. Nullam nec purus nec nisl",38,https://images.pexels.com/photos/261859/pexels-photo-261859.jpeg,https://images.pexels.com/photos/6254932/pexels-photo-6254932.jpeg,https://images.pexels.com/photos/8012227/pexels-photo-8012227.jpeg
Science Fiction Books Product 1,88,"Lorem ipsum dolor sit amet, consectetur adipiscing elit. Nulla nec odio nec nisl tincidunt tincidunt. Nullam nec purus nec nisl",39,https://images.pexels.com/photos/5499564/pexels-photo-5499564.jpeg,https://images.pexels.com/photos/5407044/pexels-photo-5407044.jpeg,https://images.pexels.com/photos/10027580/pexels-photo-10027580.jpeg
Science Fiction Books Product 4,64,"Lorem ipsum dolor sit amet, consectetur adipiscing elit. Nulla nec odio nec nisl tincidunt tincidunt. Nullam nec purus nec nisl",39,https://images.pexels.com/photos/6344231/pexels-photo-6344231.jpeg,https://images.pexels.com/photos/4218864/pexels-photo-4218864.jpeg,https://images.pexels.com/photos/2943603/pexels-photo-2943603.jpeg
Science Fiction Books Product 7,31,"Lorem ipsum dolor sit amet, consectetur adipiscing elit. Nulla nec odio nec nisl tincidunt tincidunt. Nullam nec purus nec nisl",39,https://images.pexels.com/photos/12530536/pexels-photo-12530536.jpeg,https://images.pexels.com/photos/1256890/pexels-photo-1256890.jpeg,https://images.pexels.com/photos/5407054/pexels-photo-5407054.jpeg
Science Fiction Books Product 10,83,"Lorem ipsum dolor sit amet, consectetur adipiscing elit. Nulla nec odio nec nisl tincidunt tincidunt. Nullam nec purus nec nisl",39,https://images.pexels.com/photos/7989581/pexels-photo-7989581.jpeg,https://images.pexels.com/photos/18132683/pexels-photo-18132683.jpeg,https://images.pexels.com/photos/9170539/pexels-photo-9170539.jpeg
Science Fiction Books Product 13,60,"Lorem ipsum dolor sit amet, consectetur adipiscing elit. Nulla nec odio nec nisl tincidunt tincidunt. Nullam nec purus nec nisl",39,https://images.pexels.com/photos/11238584/pexels-photo-11238584.jpeg,https://images.pexels.com/photos/15426315/pexels-photo-15426315.jpeg,https://images.pexels.com/photos/16058007/pexels-photo-16058007.jpeg
Biography Books Product 1,15,"Lorem ipsum dolor sit amet, consectetur adipiscing elit. Nulla nec odio nec nisl tincidunt tincidunt. Nullam nec purus nec nisl",40,https://images.pexels.com/photos/1098601/pexels-photo-1098601.jpeg,https://images.pexels.com/photos/3021314/pexels-photo-3021314.jpeg,https://images.pexels.com/photos/3207628/pexels-photo-3207628.jpeg
Biography Books Product 4,11,"Lorem ipsum dolor sit amet, consectetur adipiscing elit. Nulla nec odio nec nisl tincidunt tincidunt. Nullam nec purus nec nisl",40,https://images.pexels.com/photos/2977270/pexels-photo-2977270.jpeg,https://images.pexels.com/photos/15269524/pexels-photo-15269524.jpeg,https://images.pexels.com/photos/28845799/pexels-photo-28845799.jpeg
Biography Books Product 7,14,"Lorem ipsum dolor sit amet, consectetur adipiscing elit. Nulla nec odio nec nisl tincidunt tincidunt. Nullam nec purus nec nisl",40,https://images.pexels.com/photos/11201148/pexels-photo-11201148.jpeg,https://images.pexels.com/photos/11652830/pexels-photo-11652830.jpeg,https://images.pexels.com/photos/8360860/pexels-photo-8360860.jpeg
Biography Books Product 10,83,"Lorem ipsum dolor sit amet, consectetur adipiscing elit. Nulla nec odio nec nisl tincidunt tincidunt. Nullam nec purus nec nisl",40,https://images.pexels.com/photos/12761884/pexels-photo-12761884.jpeg,https://images.pexels.com/photos/626986/pexels-photo-626986.jpeg,https://images.pexels.com/photos/3747487/pexels-photo-3747487.jpeg
Biography Books Product 13,53,"Lorem ipsum dolor sit amet, consectetur adipiscing elit. Nulla nec odio nec nisl tincidunt tincidunt. Nullam nec purus nec nisl",40,https://images.pexels.com/photos/13704239/pexels-photo-13704239.jpeg,https://images.pexels.com/photos/28896020/pexels-photo-28896020.jpeg,https://images.pexels.com/photos/10957572/pexels-photo-10957572.jpeg
Self-Help Books Product 1,42,"Lorem ipsum dolor sit amet, consectetur adipiscing elit. Nulla nec odio nec nisl tincidunt tincidunt. Nullam nec purus nec nisl",41,https://images.pexels.com/photos/2228580/pexels-photo-2228580.jpeg,https://images.pexels.com/photos/3747163/pexels-photo-3747163.jpeg,https://images.pexels.com/photos/2228557/pexels-photo-2228557.jpeg
Self-Help Books Product 4,70,"Lorem ipsum dolor sit amet, consectetur adipiscing elit. Nulla nec odio nec nisl tincidunt tincidunt. Nullam nec purus nec nisl",41,https://images.pexels.com/photos/731510/pexels-photo-731510.jpeg,https://images.pexels.com/photos/1098601/pexels-photo-1098601.jpeg,https://images.pexels.com/photos/5386430/pexels-photo-5386430.jpeg
Self-Help Books Product 7,11,"Lorem ipsum dolor sit amet, consectetur adipiscing elit. Nulla nec odio nec nisl tincidunt tincidunt. Nullam nec purus nec nisl",41,https://images.pexels.com/photos/7265102/pexels-photo-7265102.jpeg,https://images.pexels.com/photos/9064341/pexels-photo-9064341.jpeg,https://images.pexels.com/photos/14091568/pexels-photo-14091568.jpeg
Self-Help Books Product 10,47,"Lorem ipsum dolor sit amet, consectetur adipiscing elit. Nulla nec odio nec nisl tincidunt tincidunt. Nullam nec purus nec nisl",41,https://images.pexels.com/photos/17461429/pexels-photo-17461429.jpeg,https://images.pexels.com/photos/28402744/pexels-photo-28402744.png,https://images.pexels.com/photos/256541/pexels-photo-256541.jpeg
Self-Help Books Product 13,44,"Lorem ipsum dolor sit amet, consectetur adipiscing elit. Nulla nec odio nec nisl tincidunt tincidunt. Nullam nec purus nec nisl",41,https://images.pexels.com/photos/10672490/pexels-photo-10672490.jpeg,https://images.pexels.com/photos/4627898/pexels-photo-4627898.jpeg,https://images.pexels.com/photos/4688784/pexels-photo-4688784.jpeg
Picture Books Product 1,81,"Lorem ipsum dolor sit amet, consectetur adipiscing elit. Nulla nec odio nec nisl tincidunt tincidunt. Nullam nec purus nec nisl",42,https://images.pexels.com/photos/8922328/pexels-photo-8922328.jpeg,https://images.pexels.com/photos/7946399/pexels-photo-7946399.jpeg,https://images.pexels.com/photos/8499561/pexels-photo-8499561.jpeg
Picture Books Product 4,100,"Lorem ipsum dolor sit amet, consectetur adipiscing elit. Nulla nec odio nec nisl tincidunt tincidunt. Nullam nec purus nec nisl",42,https://images.pexels.com/photos/8923559/pexels-photo-8923559.jpeg,https://images.pexels.com/photos/4855340/pexels-photo-4855340.jpeg,https://images.pexels.com/photos/6177638/pexels-photo-6177638.jpeg
Picture Books Product 7,70,"Lorem ipsum dolor sit amet, consectetur adipiscing elit. Nulla nec odio nec nisl tincidunt tincidunt. Nullam nec purus nec nisl",42,https://images.pexels.com/photos/1796751/pexels-photo-1796751.jpeg,https://images.pexels.com/photos/4324406/pexels-photo-4324406.jpeg,https://images.pexels.com/photos/7092350/pexels-photo-7092350.jpeg
Picture Books Product 10,14,"Lorem ipsum dolor sit amet, consectetur adipiscing elit. Nulla nec odio nec nisl tincidunt tincidunt. Nullam nec purus nec nisl",42,https://images.pexels.com/photos/4865729/pexels-photo-4865729.jpeg,https://images.pexels.com/photos/5081591/pexels-photo-5081591.jpeg,https://images.pexels.com/photos/6296927/pexels-photo-6296927.jpeg
Picture Books Product 13,72,"Lorem ipsum dolor sit amet, consectetur adipiscing elit. Nulla nec odio nec nisl tincidunt tincidunt. Nullam nec purus nec nisl",42,https://images.pexels.com/photos/6177634/pexels-photo-6177634.jpeg,https://images.pexels.com/photos/6565240/pexels-photo-6565240.jpeg,https://images.pexels.com/photos/6601531/pexels-photo-6601531.jpeg
Young Adult Books Product 1,60,"Lorem ipsum dolor sit amet, consectetur adipiscing elit. Nulla nec odio nec nisl tincidunt tincidunt. Nullam nec purus nec nisl",43,https://images.pexels.com/photos/3755760/pexels-photo-3755760.jpeg,https://images.pexels.com/photos/2801567/pexels-photo-2801567.jpeg,https://images.pexels.com/photos/4427629/pexels-photo-4427629.jpeg
Young Adult Books Product 4,47,"Lorem ipsum dolor sit amet, consectetur adipiscing elit. Nulla nec odio nec nisl tincidunt tincidunt. Nullam nec purus nec nisl",43,https://images.pexels.com/photos/3808080/pexels-photo-3808080.jpeg,https://images.pexels.com/photos/6334575/pexels-photo-6334575.jpeg,https://images.pexels.com/photos/17975077/pexels-photo-17975077.jpeg
Young Adult Books Product 7,60,"Lorem ipsum dolor sit amet, consectetur adipiscing elit. Nulla nec odio nec nisl tincidunt tincidunt. Nullam nec purus nec nisl",43,https://images.pexels.com/photos/3791681/pexels-photo-3791681.jpeg,https://images.pexels.com/photos/4865730/pexels-photo-4865730.jpeg,https://images.pexels.com/photos/6214874/pexels-photo-6214874.jpeg
Young Adult Books Product 10,74,"Lorem ipsum dolor sit amet, consectetur adipiscing elit. Nulla nec odio nec nisl tincidunt tincidunt. Nullam nec purus nec nisl",43,https://images.pexels.com/photos/6344373/pexels-photo-6344373.jpeg,https://images.pexels.com/photos/6773501/pexels-photo-6773501.jpeg,https://images.pexels.com/photos/9159662/pexels-photo-9159662.jpeg
Young Adult Books Product 13,63,"Lorem ipsum dolor sit amet, consectetur adipiscing elit. Nulla nec odio nec nisl tincidunt tincidunt. Nullam nec purus nec nisl",43,https://images.pexels.com/photos/4050413/pexels-photo-4050413.jpeg,https://images.pexels.com/photos/4861341/pexels-photo-4861341.jpeg,https://images.pexels.com/photos/672112/pexels-photo-672112.jpeg
